Dataname,Version,Approach,TN,FP,FN,TP,pd,pf,prec,fmeasure,Gmeasure,Cost
chromium,Clean,Smounted,19672,817,174,307,0.638253638254,0.0398750549075,0.273131672598,0.382554517134,0.766781094002,405.5092055797577
