Dataname,Version,Approach,TN,FP,FN,TP,pd,pf,prec,fmeasure,Gmeasure,Cost
chromium,Clean,Smounted,18863,1626,283,198,0.411642411642,0.079359656401,0.108552631579,0.171800433839,0.56891018037,4427.33260178566
