Dataname,Version,Approach,TN,FP,FN,TP,pd,pf,prec,fmeasure,Gmeasure,Cost
ambari,Farsec,Smounted,371,113,3,13,0.8125,0.233471074,0.103174603,0.183098592,0.788845273,180.6102524
camel,Farsec,Smounted,369,85,28,18,0.391304348,0.18722467,0.174757282,0.241610738,0.528274875,169.2866879
derby,Farsec,Smounted,210,193,29,68,0.701030928,0.478908189,0.260536398,0.379888268,0.597814711,214.6148381
wicket,Farsec,Smounted,455,22,19,4,0.173913043,0.046121593,0.153846154,0.163265306,0.29418896,197.0563712
