Dataname,Version,Approach,TN,FP,FN,TP,pd,pf,prec,fmeasure,Gmeasure,Cost
ambari,Clean,Smounted,429,55,4,12,0.75,0.113636363636,0.179104477612,0.289156626506,0.8125,208.98006772994995
derby,Clean,Smounted,260,143,37,60,0.618556701031,0.354838709677,0.295566502463,0.4,0.631578947368,255.28125762939453
