Dataname,Version,Approach,TN,FP,FN,TP,pd,pf,prec,fmeasure,Gmeasure,Cost
chromium,Clean,Smounted,19078,1411,320,161,0.334719334719,0.068866220899,0.102417302799,0.156843643449,0.492424398491,458.67566180229187
