Dataname,Version,Approach,TN,FP,FN,TP,pd,pf,Precision,F1score,Gmeasure,Cost
ambari,Noise,RF,493,0,7,0,0,0,nan,nan,0,0.062490702
ambari,Noise,RF_Tuning,489,4,6,1,0.142857143,0.00811359,0.2,0.166666667,0.249744637,739.1570449
ambari,Noise,Smounted,482,11,6,1,0.142857143,0.022312373,0.083333333,0.105263158,0.249288854,274.6230419
ambari,farsectwo,RF,478,15,3,4,0.571428571,0.030425963,0.210526316,0.307692308,0.719067319,0.046893597
ambari,farsectwo,RF_Tuning,479,14,3,4,0.571428571,0.028397566,0.222222222,0.32,0.719624413,555.7200062
ambari,farsectwo,Smounted,474,19,3,4,0.571428571,0.038539554,0.173913043,0.266666667,0.716824197,306.6090729
ambari,clean,RF,477,7,12,4,0.25,0.01446281,0.363636364,0.296296296,0.398829431,0.062480211
ambari,clean,RF_Tuning,479,5,10,6,0.375,0.010330579,0.545454545,0.444444444,0.543906132,818.3681903
ambari,clean,Smounted,347,137,7,9,0.5625,0.283057851,0.061643836,0.111111111,0.630399677,266.9861174
