Dataname,Version,Approach,TN,FP,FN,TP,pd,pf,prec,fmeasure,Gmeasure,Cost
camel,Noise,LR,479,3,18,0,0.0,0.006224066390041493,0.0,nan,0.0,0.004002094268798828
camel,farsectwo,LR,428,54,17,1,0.05555555555555555,0.11203319502074689,0.01818181818181818,0.0273972602739726,0.1045687759589543,0.002003908157348633
wicket,Noise,LR,493,1,6,0,0.0,0.0020242914979757085,0.0,nan,0.0,0.003004789352416992
wicket,farsectwo,LR,482,12,6,0,0.0,0.024291497975708502,0.0,nan,0.0,0.003004312515258789
