Dataname,Version,Approach,TN,FP,FN,TP,pd,pf,prec,fmeasure,Gmeasure,Cost
camel,Clean,Smounted,393,61,27,19,0.41304347826086957,0.1343612334801762,0.2375,0.3015873015873016,0.5592420611144397,186.2314577102661
wicket,Clean,Smounted,444,33,13,10,0.43478260869565216,0.06918238993710692,0.23255813953488372,0.30303030303030304,0.5927112535042051,211.6653687953949
