Dataname,Version,Approach,TN,FP,FN,TP,pd,pf,prec,fmeasure,Gmeasure,Cost
ambari,Noise,RF,493,0,7,0,0.0,0.0,nan,nan,0.0,0.0700521469116211
ambari,farsectwo,RF,476,17,3,4,0.5714285714285714,0.034482758620689655,0.19047619047619047,0.2857142857142857,0.717948717948718,0.04503226280212402
derby,Noise,RF,456,2,33,9,0.21428571428571427,0.004366812227074236,0.8181818181818182,0.33962264150943394,0.35266821345707655,0.07304692268371582
derby,farsectwo,RF,387,71,27,15,0.35714285714285715,0.15502183406113537,0.1744186046511628,0.234375,0.5020757654385055,0.0480344295501709
