Dataname,Version,Approach,TN,FP,FN,TP,pd,pf,prec,fmeasure,Gmeasure,Cost
ambari,Noise,RF,493,0,7,0,0.0,0.0,nan,nan,0.0,0.08004307746887207
ambari,farsectwo,RF,477,16,3,4,0.5714285714285714,0.032454361054766734,0.2,0.29629629629629634,0.7185087554132932,0.06604743003845215
derby,Noise,RF,456,2,35,7,0.16666666666666666,0.004366812227074236,0.7777777777777778,0.2745098039215686,0.28553537883531616,0.08107328414916992
derby,farsectwo,RF,369,89,21,21,0.5,0.1943231441048035,0.19090909090909092,0.27631578947368424,0.617056856187291,0.06805038452148438
